pid,TP53,MUC16,ERBB2,LRP1B,RYR2,AMER1,H3-3A,ZFHX4,ARID1A,CDH1,NTRK1,KMT2D,FAT4,FAT3,DICER1,PALB2,PMS1,PREX2,PTPRT,APOB,CSMD3,LAMA2,LRRK2,DOCK2,MGA,KMT2C,EPHB1,EPPK1,MUC6,ERBB4,ETV5,TP63,PDGFRB,PGR,PTPRD,RAD50,APC,PCDH9,SPRED1,SMAD4
P01,missense,,,,missense,,,,nonsense,,,missense,,,,,,,,,,,,,,,,,,,,,,,,,,,,
P02,frameshift;missense,missense,,,,,,,,,,,,,,,,,,,,,,,,,,,,,,,missense,,,,,,,
P06,frameshift,,missense,,,,,,,,,,,,,,,,,,,,,,,,,,,,,,,,,,,,,
P07,missense,,,missense,missense,,,,,,,,missense,,,,,,missense,,,,,missense,,,missense,,,,,,,,,,frameshift,,,
P09,missense,missense,,,,missense,,,,,,,,,,,,,missense,,,,,,,missense,,,,,,,,,,,,,,
P10,nonsense,missense,,,,,,,,,,,,,,,,,,,,,,,,,,,frameshift,,,,,,,,nonsense,,,missense
P11,,,,,,missense,,,missense,missense,missense,,,,,missense,,,,,,,,,missense,,,,,,missense,,missense,,,,,,,
P16,missense,missense,,,,,,missense,,,,,,,,,,,missense,,,,,,,,,,missense,missense,,nonsense,,,,,,,,
P22,missense,,,,missense,,,frameshift,,,,nonsense;missense,,missense,,,,missense,,,missense,,,,,,,,,,,missense,,,,,,missense,,
P23,missense,missense,,,,,,,,,,,,,,,,missense,,,,missense,,,,,,missense,frameshift;missense,,,missense,,,missense,,,missense,,
P25,missense,missense,missense,missense,,missense,missense,,,,missense,,,missense,,,nonsense;missense,,,,,,,,,,,,,,,,,,,,frameshift,,,
P26,,,missense,,,,,,,,,,,,,missense,,,,,,,,,,,,,,,,,,,,missense,,,,missense
P28,,missense,,,,,,missense,nonsense,nonsense,,,,,,,,,,,,,,,,,,missense,,,,,,,,,,,,
P29,,,,,,,,,,missense,,,,missense,,,,,,,,,,missense,,,,,,,,,,,,,,,,
P32,frameshift,,missense,missense,,missense,missense,,,,,,,,missense,missense,nonsense;missense,missense,,missense,,,,,missense,,missense,,,,missense,,,missense,,,,,missense,
P35,missense,,,,,,,,nonsense,,,,,,,,,,,,,,,,,,,,,,,,,,missense,,,,,
P36,,,,,,,,,,,,,,,,,,,,,,,,,,,,,,,,,,,,,,,,
P38,,,,missense,,,,,frameshift,,,,,,,,,,,,,,,,,,,,,,,,,,,,,,,
P41,missense,,missense,,missense,,missense,,,,,,,,,,,,,,,,,,,,,,,,,,,,,,,,,
P43,,nonsense,missense,,missense,missense,missense,,,,missense,,,,missense,missense,nonsense;missense,,,missense,,,,,missense,,,,,,,,missense,,,nonsense,,,missense,
P45,frameshift,,,nonsense,,,,missense,,,,,missense,,,,,,,,nonsense,nonsense,,missense,,,,,,missense,,,,,,,,missense,,
P46,,,,,,,,,,,,,,,,,,,,,,,,,,,,,,,,,,,,,,,,
P51,,,,,,,,,,,,,,,,,,,,,,,,,,,,,,,,,,,,,,,,
P52,,missense,missense,,missense,,,,,,,,,,,,,,,,,,,,,,,,,,,,,missense,,,,,,
P54,missense,,,,,,,,,missense,,,,,,,,,,missense,missense,,,,,,missense,,,,,,,,,,,,,missense
P55,,missense,,,,,,,,,,missense,missense,,,,,,,,,,missense,,,,,missense,,,,,,,,,,,,
P56,,missense,,missense,,,,,,,missense,,,,,,,,,missense,,,,,,,,,,,,,,,,,,,,
P57,nonsense,,,,,,,,,,,,missense,missense,,,,missense,,,missense,missense,missense,,,,,,,,,,,,missense,,,,,
P58,missense,missense,,missense,,,,,,,,nonsense;missense,missense,,missense,,,,,,,,,,,,,,,missense,,,,,,,,,,
POO_01,,,,,,,,,,,,,,,,,,,,,,,,,,missense,,,,,,,,missense,,,,,,
POO_02,missense,,,,,,,,,missense,,,,,,,,,missense,,,,,,,,,,,,,,,,,,,,,
POO_03,,,missense,,,missense,missense,missense,,,missense,missense,,,missense,,nonsense;missense,,,,,,missense,,,,,,,,missense,,,,,missense,,,missense,
POO_04,,,,,,,,,,,,,,,,,,,,,,,,,,missense,,,,,,,,,,,,,,
