pid,TP53,NCOR2,LRP1B,MUC16,FAT4,PTPRT,APOB,ARID1A,RYR2,PCDH9,SOX17,CDH1,FRAS1,FAT1,FAT3,FAT2,BRCA2,ZFHX4,TGFBR2,CTNND2,APC,SPEN,CARD11,TET1,PREX2,NTRK1,PAK5,NOTCH3,KMT2D,DOCK2,MKNK1,MAP3K13,LRRK2,DICER1,CTNNB1,CSMD3,PTPRD,FBXW7,EPHB1,ERBB3
P01,missense,,,,,,,,,,,,,,,,,,,,,,,,,,,,missense,,,,,,,,,,,
P02,,,,,,,,,,,,,,,,,,,,,,,,,,,,,,,,,,,,,,,,
P03,missense,,missense,missense,,,,,missense,,,,,,,,,,missense,,,,missense,,,,,,,missense,missense,,,,,,,,,
P06,,,,,,,,,,,,,,,,,,,,,,,,,,,,,,,,,,,,,,,,
P07,missense,frameshift,missense,,missense,missense,,,missense,,,,,,,,,,,,frameshift,,,,,,missense,,,missense,,missense,,,,,,,missense,
P09,,,,,,,,,,,,,,,,,,,,,,,,,,,,,,,,,,,,,,,,
P10,nonsense,,,,,,,,,,,,,,,,,,,missense,,,,,,,,,,,,,,,,,,,,
P11,,,,,,,,,,,,,,,,,,,,,,,,,,,,,,,,,,,,,,,,
P14,missense,,,,,missense,missense,,,,,,,missense,,,,,,,,missense,,,,,,,,,,,,,missense,,,,,
P16,,,,,,missense,,,,,,,,,,,,,,,,,,,,,,,,,,,,,,,,,,
P22,missense,missense,missense,,missense,,,,missense,missense,missense,,,,,,,,,,,missense,,nonsense,missense,,,,,,,,,,,,,,,
P23,,frameshift,,,,,,,,,,,,,,,,,,,,,,,,,,,,,,,,,,,,,,
P24,nonsense,,,,missense,missense,,missense,missense,,missense,,,,,,missense,,,,,,missense,,,,,,,,,,,nonsense,,,,,,
P25,,,,,,,,nonsense,,missense,missense,,,,missense,,,missense,,,frameshift,,,,,,,,,,,,,,,,missense,nonsense,,missense
P26,,frameshift,,,,,,,,,,,,,,,,,,,,,,,,,,,,,,,,,,,,,,
P27,,,,,,,,,,,,,,missense,,,,,,,,,,,,,,,,,,,,,,,,,,
P28,,missense,,,,,,,,,,,missense,,,,,,,,,,,,,,,,,,,,,,,,,,,
P29,,frameshift,,,,,,,,,,missense,,,missense,,,,,,,,,,,,,,,,,,,,,,,,,
P32,frameshift,frameshift,missense,,,,missense,,,,,,missense,,,,,,,,,,,,,,,,,,,,,,,,,,missense,
P33,,,,frameshift,,,,frameshift,,,,,,,,,,,,,,,,,,,,,,,,,missense,,,,,,,
P35,missense,,,,,,,nonsense,,,,,,,,,,,,,,,,,,,,,,,,,,,,,missense,,,
P36,,frameshift,,,,,,,,,,,,,,,,,,,,,,,,,,,,,,,,,,,,,,
P38,,frameshift,missense,,,,,frameshift,,,,,,,,,,,,,,,,,,,,,,,,,,,,,,,,missense
P41,missense,frameshift,,nonsense,,,,,,,,,,,missense,,,,,,,,,missense,,missense,,missense,,,,,,,,,,,,
P42,,,,,,,,,,,,,,,,,,,,,,,,,,,,,,,,,,,,,,,,
P43,missense,,,,,,,,,,,,,,,,,,,,,,,,,,,,,,,,,,,,,,,
P44,nonsense,,nonsense,,,,,,,,,,,,,missense,missense,,,,,,,,,,,,,,,,missense,,missense,,,,,
P45,frameshift,,,,missense,,,,,missense,,,missense,,,,,,,,frameshift,,,,,,,,,,,,,,,nonsense,,,,
P46,,frameshift,,,,,,,,,,,,,,,,,,,,,,,,,,,,,,,,,,,,,,
P48,,frameshift,,,,,,,,,,,,,,,,,,,,,,,,,,,,,,,,,,,,,,
P50,,,,,,,,,,missense,,,,,,,,,,,,,,,,,,,,,,,,,,,,,,
P51,,,,,,,,,,,,,,,,,,,,,,,,,,,,,,,,,,,,,,,,
P52,,,,,,,,,,,,,,,,,,,,,,,,,,,,,,,,,,,,,,,,
P53,,,,,,,,,,,,,,,,,,,,,,,,,,,,,,,,,,,,,,,,
P54,missense,,,missense,,,missense,,,,missense,missense,,,,,,,,,,,,,,,,,,,,,,,,,,missense,,
P55,,,,missense,,,,,,,,,,,,missense,,missense,,,,,,,,,,,,,missense,,,,,,,,,
P56,missense,,missense,missense,,,,,,,,,,,,,missense,,,missense,,,,,,missense,,,,,,,,,,,,,,
P57,missense,,,missense,,,,,missense,,,,,frameshift,,nonsense,,,missense,missense,,,,,missense,,,frameshift,,,,,,,,nonsense;missense,,,,
P58,missense,,missense,missense,missense,,,,,,,,,,,,,,,,,,,,,,missense,,nonsense;missense,,,missense,,missense,,,,,,
POO_01,,,missense,missense,,,missense,,,,,,,,,,,missense,missense,,,,,,,,,,,,,,,,,,,,,
POO_02,missense,frameshift,,,,missense,,,,,,missense,,,,,,,,,,,,,,,,,,,,,,,,,,,,
POO_03,,,,,,,,,,,,,,,,,,,,,,,,,,,,,,,,,,,,,,,,
POO_04,missense,,missense,,,,missense,,,,,,,,,,,,,,,,,,,,,,,,,,,,,,,,,
